verify-contracts	0	2026-08-17T09:20:54Z	2026-08-17T09:20:55Z
go-vet	0	2026-08-17T09:20:56Z	2026-08-17T09:21:14Z
go-test-json	1	2026-08-17T09:21:14Z	2026-08-17T09:21:25Z
web-test	0	2026-08-17T09:21:25Z	2026-08-17T09:21:26Z
go-build	0	2026-08-17T09:21:26Z	2026-08-17T09:21:27Z
web-build	0	2026-08-17T09:21:26Z	2026-08-17T09:21:26Z
compose-build	1	2026-08-17T09:21:27Z	2026-08-17T09:21:27Z
compose-config	0	2026-08-17T09:21:27Z	2026-08-17T09:21:27Z
compose-runtime-test	0	2026-08-17T09:21:27Z	2026-08-17T09:21:28Z
compose-up	1	2026-08-17T09:21:27Z	2026-08-17T09:21:27Z
docker-info	1	2026-08-17T09:21:27Z	2026-08-17T09:21:27Z
g1-report	2	2026-08-17T09:21:28Z	2026-08-17T09:21:28Z
smoke	2	2026-08-17T09:21:28Z	2026-08-17T09:21:59Z
compose-down	1	2026-08-17T09:23:08Z	2026-08-17T09:23:08Z
binary-no-dsn	1	2026-08-17T09:23:22Z	2026-08-17T09:23:22Z
binary-unreachable-dsn	1	2026-08-17T09:23:22Z	2026-08-17T09:23:22Z
architecture-lint	0	2026-08-17T09:26:38Z	2026-08-17T09:26:39Z
traceability-check	0	2026-08-17T09:26:39Z	2026-08-17T09:26:39Z
